{
  "regime": "Range/Scalping",
  "drawdown": 0.0,
  "pauses": [],
  "sentiment": 0.7045874297618866,
  "risky_positions": [],
  "timestamp": 1755240146.906237
}