{
  "regime": "Range/Scalping",
  "drawdown": 0.0,
  "pauses": [],
  "sentiment": 0.7104122996330261,
  "risky_positions": [],
  "timestamp": 1755237339.6262689
}