{
  "regime": "Range/Scalping",
  "drawdown": 0.0,
  "pauses": [],
  "sentiment": 0.6056796443044093,
  "risky_positions": [],
  "timestamp": 1755534858.182656
}