{
  "regime": "Range/Scalping",
  "drawdown": 0.0,
  "pauses": [],
  "sentiment": 0.6769258913766477,
  "risky_positions": [],
  "timestamp": 1755971170.076837
}